variable,count,mean,std,min,25%,50%,75%,max,original
dummy1,1000.0,-4.485582510375982e-05,0.009491476799182037,-0.0344330350429729,-0.006562045962791475,0.00040715065778715,0.006566209081153525,0.0274945361862464,-0.0094605111040095
dummy2,1000.0,0.0003847626573773989,0.010619410584320844,-0.0339749768807227,-0.00664213432581665,7.194322625458938e-05,0.00747278109021815,0.0371759865329046,0.026162553075796
x1,1000.0,0.06829909115165676,3.0434522102577692,-8.983091874316287,-1.810592532109588,0.0497057522041157,2.0619227816090078,28.20343930013866,28.20343930013866
x2,1000.0,0.3662125599304976,8.328196342693442,-24.404793866343404,-5.3435652113683325,0.29389586039605664,5.845490079738529,75.05070316071146,75.05070316071146
x3,1000.0,0.07999455774175629,1.8946914647165995,-5.306686008341501,-1.1405960133621909,0.03991408898979995,1.2435324883861667,17.756247291884353,17.756247291884353
